case_id,supplier_id,supplier_name,invoice_id,po_id,invoice_date,case_created_date,disputed_amount_usd,system_reason_code,priority_supplier,case_status,resolution,approval_level,handling_minutes,resolution_days,sla_target_days,sla_met,reopened,missing_evidence,systems_accessed,systems_accessed_count,documents_reviewed,documents_reviewed_count,analyst_id
MRG-2026-0001,V-744205,BluePeak Logistics,INV-106550,PO-592681,2026-08-15,2026-08-24,12836.82,CONTRACT_TERM,No,CLOSED,ESCALATE,AP Team Lead,65,2.0,5,Yes,No,No,Coupa; Outlook; SAP; SharePoint,4,Amendment; Email Thread; PO,3,AP-A07
MRG-2026-0002,V-100184,NorthStar Consumer Products,INV-104564,PO-781102,2026-01-06,2026-01-25,66101.8,QUANTITY_MISMATCH,Yes,CLOSED,PAY_PO_AMOUNT,AP Manager,12,2.7,3,Yes,No,No,Coupa; Outlook; Receiving; SAP,4,Goods Receipt; Invoice; PO; Proof of Delivery,4,AP-A01
MRG-2026-0003,V-100184,NorthStar Consumer Products,INV-734844,PO-554488,2026-06-17,2026-06-21,26827.67,FREIGHT,Yes,CLOSED,REQUEST_CREDIT_NOTE,AP Team Lead,23,1.1,3,Yes,No,No,Coupa; Outlook; Receiving; SAP,4,Invoice; PO; Proof of Delivery,3,AP-A02
MRG-2026-0004,V-203811,Apex Industrial Supply,INV-198195,PO-632232,2026-06-16,2026-06-26,14555.26,PRICE_MISMATCH,No,CLOSED,PAY_PO_AMOUNT,AP Team Lead,21,1.0,5,Yes,No,No,Coupa; Outlook; SAP; SharePoint,4,Invoice; PO; Pricing Agreement,3,AP-A04
MRG-2026-0005,V-301442,Solara Imports,INV-825577,PO-844405,2026-07-24,2026-08-12,18624.02,DUPLICATE,Yes,CLOSED,REJECT_DISPUTE,AP Team Lead,4,20.1,3,No,No,Yes,Coupa; SAP,2,Invoice; Payment History; Prior Invoice,3,AP-A01
MRG-2026-0006,V-301442,Solara Imports,INV-286559,PO-787337,2026-03-22,2026-03-25,45459.9,MISSING_RECEIPT,Yes,CLOSED,ESCALATE,AP Team Lead,17,14.1,3,No,No,Yes,Receiving; SAP,2,Invoice; PO; Proof of Delivery; Receiving Confirmation,4,AP-A02
MRG-2026-0007,V-512870,Pinnacle Packaging,INV-887778,PO-982508,2026-01-23,2026-02-07,35979.32,MISSING_RECEIPT,No,CLOSED,PAY_AS_INVOICED,AP Team Lead,15,13.4,5,No,No,No,Coupa; Outlook; Receiving; SAP,4,Invoice; PO,2,AP-A06
MRG-2026-0008,V-203811,Apex Industrial Supply,INV-954437,PO-864214,2026-06-29,2026-07-22,12275.67,MISSING_RECEIPT,No,CLOSED,ESCALATE,AP Team Lead,23,17.7,5,No,No,Yes,Coupa; Receiving; SAP,3,PO; Proof of Delivery,2,AP-A08
MRG-2026-0009,V-410221,Harbor Home Goods,INV-627668,PO-651538,2026-06-14,2026-06-25,48574.52,OTHER,No,CLOSED,PARTIAL_ADJUSTMENT,AP Team Lead,53,11.8,5,No,Yes,No,Coupa; SharePoint,2,Amendment; Email Thread; Invoice; PO,4,AP-A07
MRG-2026-0010,V-410221,Harbor Home Goods,INV-379394,PO-890932,2026-06-22,2026-07-04,19188.64,MISSING_RECEIPT,No,CLOSED,REJECT_DISPUTE,AP Team Lead,19,2.0,5,Yes,No,No,Coupa; Outlook; Receiving,3,Invoice; Proof of Delivery; Receiving Confirmation,3,AP-A04
MRG-2026-0011,V-410221,Harbor Home Goods,INV-922478,PO-742907,2026-08-07,2026-08-16,18839.88,PRICE_MISMATCH,No,CLOSED,PARTIAL_ADJUSTMENT,AP Team Lead,10,2.1,5,Yes,No,No,Coupa; Outlook; SAP,3,Invoice; PO; Pricing Agreement,3,AP-A06
MRG-2026-0012,V-744205,BluePeak Logistics,INV-175717,PO-998259,2026-08-06,2026-08-10,8073.19,DUPLICATE,No,CLOSED,PAY_AS_INVOICED,AP Analyst,7,1.8,5,Yes,No,No,Coupa; SAP,2,Invoice; Payment History; Prior Invoice,3,AP-A08
MRG-2026-0013,V-100184,NorthStar Consumer Products,INV-982240,PO-732505,2026-03-02,2026-03-10,19138.54,PRICE_MISMATCH,Yes,CLOSED,PAY_PO_AMOUNT,AP Team Lead,11,1.1,3,Yes,No,No,Coupa; Outlook; SAP; SharePoint,4,Invoice; PO; Pricing Agreement,3,AP-A08
MRG-2026-0014,V-301442,Solara Imports,INV-176165,PO-611651,2026-02-20,2026-03-11,9653.3,DUPLICATE,Yes,CLOSED,REJECT_DISPUTE,AP Analyst,5,8.6,3,No,No,No,Coupa; SAP,2,Invoice; Payment History; Prior Invoice,3,AP-A07
MRG-2026-0015,V-633190,Evergreen Facilities,INV-455577,PO-515211,2026-02-17,2026-02-28,24730.37,QUANTITY_MISMATCH,No,CLOSED,REQUEST_CREDIT_NOTE,AP Team Lead,33,2.6,5,Yes,No,No,Coupa; Outlook; Receiving; SAP,4,PO; Proof of Delivery,2,AP-A08
MRG-2026-0016,V-203811,Apex Industrial Supply,INV-412513,PO-541310,2026-02-06,2026-03-02,26335.43,PRICE_MISMATCH,No,CLOSED,ESCALATE,AP Team Lead,16,3.5,5,Yes,No,No,Coupa; Outlook; SAP; SharePoint,4,Invoice; PO; Pricing Agreement,3,AP-A08
MRG-2026-0017,V-100184,NorthStar Consumer Products,INV-407116,PO-966801,2026-06-24,2026-06-29,102227.43,TAX,Yes,CLOSED,PAY_PO_AMOUNT,AP Manager,54,2.9,3,Yes,No,No,Outlook; SAP; SharePoint,3,Invoice; Master Agreement; PO,3,AP-A05
MRG-2026-0018,V-203811,Apex Industrial Supply,INV-190339,PO-992591,2026-01-24,2026-02-12,34078.9,CONTRACT_TERM,No,CLOSED,ESCALATE,AP Team Lead,83,15.0,5,No,Yes,No,Coupa; Outlook; SAP; SharePoint,4,Email Thread; PO,2,AP-A08
MRG-2026-0019,V-301442,Solara Imports,INV-118386,PO-590032,2026-07-22,2026-08-01,38519.9,PRICE_MISMATCH,Yes,CLOSED,PAY_AS_INVOICED,AP Team Lead,21,1.3,3,Yes,Yes,No,Coupa; Outlook; SAP; SharePoint,4,PO; Pricing Agreement,2,AP-A05
MRG-2026-0020,V-512870,Pinnacle Packaging,INV-999158,PO-724974,2026-05-11,2026-05-30,16889.88,MISSING_RECEIPT,No,CLOSED,PAY_AS_INVOICED,AP Team Lead,28,1.1,5,Yes,No,No,Outlook; Receiving; SAP,3,Invoice; PO; Proof of Delivery; Receiving Confirmation,4,AP-A07
MRG-2026-0021,V-100184,NorthStar Consumer Products,INV-484236,PO-760696,2026-01-25,2026-01-27,29353.89,QUANTITY_MISMATCH,Yes,CLOSED,PAY_PO_AMOUNT,AP Team Lead,14,2.9,3,Yes,No,No,Coupa; Outlook; SAP,3,Goods Receipt; Invoice; PO; Proof of Delivery,4,AP-A08
MRG-2026-0022,V-301442,Solara Imports,INV-922285,PO-925542,2026-02-18,2026-03-03,23553.77,MISSING_RECEIPT,Yes,CLOSED,PAY_AS_INVOICED,AP Team Lead,20,15.9,3,No,No,No,Receiving; SAP,2,Invoice; Proof of Delivery; Receiving Confirmation,3,AP-A03
MRG-2026-0023,V-301442,Solara Imports,INV-478068,PO-956077,2026-08-01,2026-08-26,10709.09,DUPLICATE,Yes,CLOSED,REJECT_DISPUTE,AP Team Lead,6,0.7,3,Yes,No,No,Coupa; SAP,2,Invoice; Payment History; Prior Invoice,3,AP-A06
MRG-2026-0024,V-203811,Apex Industrial Supply,INV-837105,PO-934935,2026-01-26,2026-02-06,26754.05,QUANTITY_MISMATCH,No,CLOSED,REQUEST_CREDIT_NOTE,AP Team Lead,20,1.2,5,Yes,No,No,Coupa; Outlook; Receiving,3,Goods Receipt; Invoice; PO; Proof of Delivery,4,AP-A04
MRG-2026-0025,V-512870,Pinnacle Packaging,INV-351487,PO-566617,2026-07-08,2026-07-15,27009.04,DUPLICATE,No,CLOSED,ESCALATE,AP Team Lead,12,1.1,5,Yes,No,No,Coupa; SAP,2,Invoice; PO; Pricing Agreement,3,AP-A06
MRG-2026-0026,V-203811,Apex Industrial Supply,INV-544872,PO-644288,2026-08-26,2026-08-31,26196.96,OTHER,No,CLOSED,ESCALATE,AP Team Lead,40,14.2,5,No,Yes,Yes,Outlook; SAP; TMS,3,Email Thread; Invoice,2,AP-A01
MRG-2026-0027,V-100184,NorthStar Consumer Products,INV-764637,PO-700575,2026-04-08,2026-04-20,16086.62,QUANTITY_MISMATCH,Yes,CLOSED,PAY_PO_AMOUNT,AP Team Lead,10,2.4,3,Yes,No,No,Coupa; Outlook; Receiving; SAP,4,Goods Receipt; Invoice; PO; Proof of Delivery,4,AP-A01
MRG-2026-0028,V-100184,NorthStar Consumer Products,INV-468936,PO-640347,2026-01-22,2026-01-28,6580.26,DUPLICATE,Yes,CLOSED,REJECT_DISPUTE,AP Analyst,7,0.7,3,Yes,No,No,Coupa; SAP,2,Payment History; Prior Invoice,2,AP-A06
MRG-2026-0029,V-203811,Apex Industrial Supply,INV-238210,PO-697087,2026-03-08,2026-03-19,13143.33,QUANTITY_MISMATCH,No,CLOSED,ESCALATE,AP Team Lead,35,2.8,5,Yes,Yes,No,Outlook; Receiving; SAP,3,Invoice; PO; Proof of Delivery,3,AP-A04
MRG-2026-0030,V-203811,Apex Industrial Supply,INV-975627,PO-781410,2025-12-23,2026-01-03,46333.53,CONTRACT_TERM,No,CLOSED,ESCALATE,AP Team Lead,29,11.3,5,No,No,No,Coupa; Outlook; SAP,3,Email Thread; Master Agreement,2,AP-A04
MRG-2026-0031,V-410221,Harbor Home Goods,INV-237596,PO-630020,2026-06-21,2026-07-05,35103.07,MISSING_RECEIPT,No,CLOSED,ESCALATE,AP Team Lead,23,19.1,5,No,No,No,Coupa; Outlook; Receiving; SAP,4,Invoice; PO; Proof of Delivery; Receiving Confirmation,4,AP-A02
MRG-2026-0032,V-633190,Evergreen Facilities,INV-166086,PO-636911,2026-05-02,2026-05-09,6900.74,FREIGHT,No,CLOSED,ESCALATE,AP Analyst,16,17.1,5,No,No,No,Coupa; SAP; SharePoint,3,Invoice; PO; Pricing Agreement,3,AP-A04
MRG-2026-0033,V-203811,Apex Industrial Supply,INV-275437,PO-650910,2025-12-30,2026-01-16,12588.27,PRICE_MISMATCH,No,CLOSED,PAY_AS_INVOICED,AP Team Lead,19,0.9,5,Yes,No,No,Coupa; SAP; SharePoint,3,PO; Pricing Agreement,2,AP-A05
MRG-2026-0034,V-410221,Harbor Home Goods,INV-962153,PO-812461,2026-04-12,2026-04-28,1769.98,DUPLICATE,No,CLOSED,REJECT_DISPUTE,AP Analyst,5,1.7,5,Yes,No,No,Coupa; SAP,2,Invoice; Payment History; Prior Invoice,3,AP-A03
MRG-2026-0035,V-100184,NorthStar Consumer Products,INV-493277,PO-763931,2026-05-28,2026-06-16,45395.59,DUPLICATE,Yes,CLOSED,REJECT_DISPUTE,AP Team Lead,22,1.3,3,Yes,No,No,Coupa; SAP; TMS,3,Carrier Documentation; Freight Terms; Invoice; PO,4,AP-A08
MRG-2026-0036,V-410221,Harbor Home Goods,INV-624053,PO-882408,2026-02-21,2026-03-05,8102.46,PRICE_MISMATCH,No,CLOSED,PAY_PO_AMOUNT,AP Analyst,16,1.8,5,Yes,No,No,Coupa; Outlook; SAP; SharePoint,4,PO; Pricing Agreement,2,AP-A08
MRG-2026-0037,V-100184,NorthStar Consumer Products,INV-124074,PO-825386,2025-12-28,2026-01-19,146080.61,OTHER,Yes,CLOSED,ESCALATE,AP Manager,45,2.9,3,Yes,No,No,Coupa; Outlook; SharePoint,3,Invoice; Master Agreement,2,AP-A08
MRG-2026-0038,V-100184,NorthStar Consumer Products,INV-812993,PO-539401,2026-06-01,2026-06-12,29052.44,QUANTITY_MISMATCH,Yes,CLOSED,ESCALATE,AP Team Lead,19,1.5,3,Yes,No,No,Coupa; Outlook; Receiving; SAP,4,Goods Receipt; Invoice; PO; Proof of Delivery,4,AP-A06
MRG-2026-0039,V-100184,NorthStar Consumer Products,INV-758646,PO-600270,2026-03-16,2026-04-03,10182.29,QUANTITY_MISMATCH,Yes,CLOSED,ESCALATE,AP Team Lead,20,1.4,3,Yes,No,No,Receiving; SAP,2,Invoice; Proof of Delivery,2,AP-A08
MRG-2026-0040,V-100184,NorthStar Consumer Products,INV-309537,PO-922919,2026-06-17,2026-07-02,16819.47,PRICE_MISMATCH,Yes,CLOSED,PAY_PO_AMOUNT,AP Team Lead,23,0.8,3,Yes,No,No,Coupa; Outlook; SAP; SharePoint,4,Invoice; PO; Pricing Agreement,3,AP-A05
MRG-2026-0041,V-100184,NorthStar Consumer Products,INV-906129,PO-960675,2026-02-26,2026-03-09,25179.18,QUANTITY_MISMATCH,Yes,CLOSED,PARTIAL_ADJUSTMENT,AP Team Lead,24,2.7,3,Yes,No,No,Coupa; Receiving; SAP,3,Goods Receipt; Invoice; PO,3,AP-A06
MRG-2026-0042,V-301442,Solara Imports,INV-909351,PO-763616,2026-03-29,2026-04-13,17165.0,FREIGHT,Yes,CLOSED,REJECT_DISPUTE,AP Team Lead,41,1.5,3,Yes,Yes,No,Outlook; SharePoint,2,Carrier Documentation; Freight Terms; PO,3,AP-A05
MRG-2026-0043,V-203811,Apex Industrial Supply,INV-837011,PO-847531,2026-06-24,2026-07-04,13921.8,DUPLICATE,No,CLOSED,REJECT_DISPUTE,AP Team Lead,7,1.3,5,Yes,No,No,Coupa; SAP,2,Invoice; Payment History; Prior Invoice,3,AP-A04
MRG-2026-0044,V-744205,BluePeak Logistics,INV-931906,PO-954215,2026-06-10,2026-06-13,22404.58,DUPLICATE,No,CLOSED,REJECT_DISPUTE,AP Team Lead,4,0.9,5,Yes,No,No,Coupa; SAP,2,Invoice; Payment History,2,AP-A08
MRG-2026-0045,V-301442,Solara Imports,INV-695701,PO-996350,2026-02-21,2026-03-16,26747.69,OTHER,Yes,CLOSED,REJECT_DISPUTE,AP Team Lead,5,1.0,3,Yes,No,No,Coupa; SAP,2,Invoice; Payment History; Prior Invoice,3,AP-A06
MRG-2026-0046,V-410221,Harbor Home Goods,INV-590857,PO-875289,2026-01-09,2026-01-14,64671.28,TAX,No,CLOSED,ESCALATE,AP Manager,37,15.8,5,No,Yes,No,Coupa; Outlook; SAP; Tax Config,4,Invoice; PO; Supplier Tax Document; Tax Configuration,4,AP-A05
MRG-2026-0047,V-203811,Apex Industrial Supply,INV-660873,PO-944279,2026-03-17,2026-03-20,4949.7,FREIGHT,No,CLOSED,REJECT_DISPUTE,AP Analyst,43,1.3,5,Yes,No,No,Outlook; SAP; TMS,3,Carrier Documentation; Invoice; PO,3,AP-A07
MRG-2026-0048,V-301442,Solara Imports,INV-766034,PO-801598,2026-03-10,2026-03-28,12565.23,DUPLICATE,Yes,CLOSED,PARTIAL_ADJUSTMENT,AP Team Lead,32,1.1,3,Yes,Yes,No,Coupa; Outlook; Receiving; SAP,4,Goods Receipt; Invoice; PO; Proof of Delivery,4,AP-A05
MRG-2026-0049,V-744205,BluePeak Logistics,INV-841152,PO-607240,2026-01-29,2026-02-19,9096.79,QUANTITY_MISMATCH,No,CLOSED,PARTIAL_ADJUSTMENT,AP Analyst,22,4.7,5,Yes,No,No,Coupa; Outlook; Receiving,3,Goods Receipt; Invoice; Proof of Delivery,3,AP-A03
MRG-2026-0050,V-203811,Apex Industrial Supply,INV-477543,PO-945935,2026-01-05,2026-01-20,14610.78,QUANTITY_MISMATCH,No,CLOSED,REQUEST_CREDIT_NOTE,AP Team Lead,23,1.0,5,Yes,No,No,Coupa; Outlook; Receiving; SAP,4,Goods Receipt; Invoice; Proof of Delivery,3,AP-A04
MRG-2026-0051,V-203811,Apex Industrial Supply,INV-447364,PO-689508,2026-04-04,2026-04-23,10849.91,PRICE_MISMATCH,No,CLOSED,PAY_PO_AMOUNT,AP Team Lead,13,2.6,5,Yes,No,No,Coupa; Outlook; SAP; SharePoint,4,Invoice; PO; Pricing Agreement,3,AP-A06
MRG-2026-0052,V-633190,Evergreen Facilities,INV-997262,PO-699511,2026-06-27,2026-07-12,6713.56,DUPLICATE,No,CLOSED,REJECT_DISPUTE,AP Analyst,5,1.1,5,Yes,No,No,Coupa; SAP,2,Payment History; Prior Invoice,2,AP-A02
MRG-2026-0053,V-203811,Apex Industrial Supply,INV-757448,PO-974116,2026-07-28,2026-08-01,35395.59,CONTRACT_TERM,No,CLOSED,PAY_PO_AMOUNT,AP Team Lead,44,3.0,5,Yes,No,Yes,Coupa; Outlook; SAP; SharePoint,4,Email Thread; Master Agreement,2,AP-A02
MRG-2026-0054,V-301442,Solara Imports,INV-938648,PO-852589,2026-05-01,2026-05-15,18291.47,MISSING_RECEIPT,Yes,CLOSED,ESCALATE,AP Team Lead,24,17.5,3,No,No,No,Coupa; Outlook; Receiving; SAP,4,Invoice; PO; Proof of Delivery; Receiving Confirmation,4,AP-A02
MRG-2026-0055,V-512870,Pinnacle Packaging,INV-662915,PO-514836,2026-03-25,2026-04-04,6994.38,CONTRACT_TERM,No,CLOSED,PARTIAL_ADJUSTMENT,AP Analyst,23,12.7,5,No,No,No,Coupa; Outlook; Receiving; SAP,4,PO; Proof of Delivery,2,AP-A04
MRG-2026-0056,V-744205,BluePeak Logistics,INV-613418,PO-857320,2026-06-29,2026-07-22,21270.58,QUANTITY_MISMATCH,No,CLOSED,PAY_PO_AMOUNT,AP Team Lead,22,1.3,5,Yes,No,No,Coupa; Outlook; Receiving,3,Goods Receipt; PO,2,AP-A04
MRG-2026-0057,V-301442,Solara Imports,INV-944470,PO-861606,2025-12-22,2026-01-09,12655.21,DUPLICATE,Yes,CLOSED,REJECT_DISPUTE,AP Team Lead,13,1.8,3,Yes,Yes,No,Coupa; SAP,2,Invoice; Payment History; Prior Invoice,3,AP-A06
MRG-2026-0058,V-203811,Apex Industrial Supply,INV-243865,PO-767353,2026-06-15,2026-06-26,200632.76,OTHER,No,CLOSED,ESCALATE,AP Manager,30,17.9,5,No,No,No,Coupa; Outlook; SAP,3,Case Notes; Email Thread; Invoice,3,AP-A08
MRG-2026-0059,V-100184,NorthStar Consumer Products,INV-152018,PO-549549,2026-08-04,2026-08-19,19770.68,FREIGHT,Yes,CLOSED,REJECT_DISPUTE,AP Team Lead,42,16.3,3,No,Yes,No,Coupa; SharePoint; TMS,3,Carrier Documentation; Invoice; PO,3,AP-A05
MRG-2026-0060,V-744205,BluePeak Logistics,INV-734282,PO-964554,2026-05-30,2026-06-03,23076.93,DUPLICATE,No,CLOSED,REJECT_DISPUTE,AP Team Lead,4,0.8,5,Yes,No,No,Coupa; SAP,2,Invoice; Payment History; Prior Invoice,3,AP-A01
MRG-2026-0061,V-203811,Apex Industrial Supply,INV-544570,PO-530707,2026-02-13,2026-03-04,17633.94,PRICE_MISMATCH,No,CLOSED,PAY_PO_AMOUNT,AP Team Lead,18,1.0,5,Yes,No,No,Coupa; Outlook; SAP; SharePoint,4,Invoice; PO; Pricing Agreement,3,AP-A04
MRG-2026-0062,V-203811,Apex Industrial Supply,INV-806240,PO-668643,2026-06-22,2026-06-26,25897.25,MISSING_RECEIPT,No,CLOSED,ESCALATE,AP Team Lead,33,3.7,5,Yes,No,No,Coupa; Outlook; Receiving; SAP,4,PO; Proof of Delivery,2,AP-A07
MRG-2026-0063,V-100184,NorthStar Consumer Products,INV-970977,PO-655011,2026-02-22,2026-03-17,49834.45,PRICE_MISMATCH,Yes,CLOSED,PAY_AS_INVOICED,AP Team Lead,21,1.4,3,Yes,Yes,No,Outlook; SharePoint,2,Invoice; PO; Pricing Agreement,3,AP-A06
MRG-2026-0064,V-301442,Solara Imports,INV-119595,PO-988552,2026-02-28,2026-03-20,4469.41,PRICE_MISMATCH,Yes,CLOSED,PAY_PO_AMOUNT,AP Analyst,9,13.6,3,No,No,Yes,Coupa; Outlook; SAP; SharePoint,4,Invoice; PO; Pricing Agreement,3,AP-A08
MRG-2026-0065,V-301442,Solara Imports,INV-245977,PO-982254,2026-01-31,2026-02-21,137829.32,MISSING_RECEIPT,Yes,CLOSED,PAY_AS_INVOICED,AP Manager,16,19.0,3,No,No,Yes,Coupa; Outlook; Receiving; SAP,4,Invoice; PO; Proof of Delivery; Receiving Confirmation,4,AP-A07
MRG-2026-0066,V-100184,NorthStar Consumer Products,INV-173138,PO-949824,2026-04-06,2026-04-19,48449.23,OTHER,Yes,CLOSED,PAY_AS_INVOICED,AP Team Lead,26,2.5,3,Yes,No,No,Coupa; Outlook; SAP; SharePoint,4,Amendment; Email Thread; Invoice,3,AP-A06
MRG-2026-0067,V-100184,NorthStar Consumer Products,INV-237681,PO-921209,2026-01-21,2026-02-15,30142.89,PRICE_MISMATCH,Yes,CLOSED,PAY_PO_AMOUNT,AP Team Lead,20,2.6,3,Yes,No,No,Coupa; Outlook; SAP; SharePoint,4,Invoice; PO; Pricing Agreement,3,AP-A04
MRG-2026-0068,V-512870,Pinnacle Packaging,INV-910912,PO-590896,2026-06-06,2026-06-08,17755.04,FREIGHT,No,CLOSED,PARTIAL_ADJUSTMENT,AP Team Lead,18,12.7,5,No,No,No,Coupa; SAP; SharePoint; TMS,4,Carrier Documentation; Freight Terms; Invoice,3,AP-A03
MRG-2026-0069,V-744205,BluePeak Logistics,INV-168395,PO-584861,2026-07-19,2026-07-29,9493.31,FREIGHT,No,CLOSED,ESCALATE,AP Analyst,37,14.8,5,No,Yes,No,Coupa; Outlook; SAP; SharePoint,4,Freight Terms; Invoice; PO,3,AP-A02
MRG-2026-0070,V-744205,BluePeak Logistics,INV-338347,PO-873041,2026-05-02,2026-05-09,31361.47,CONTRACT_TERM,No,CLOSED,ESCALATE,AP Team Lead,46,13.2,5,No,No,No,Coupa; Outlook; SAP; SharePoint,4,Amendment; PO,2,AP-A01
MRG-2026-0071,V-744205,BluePeak Logistics,INV-274335,PO-890354,2026-07-14,2026-07-27,13673.1,OTHER,No,CLOSED,PAY_AS_INVOICED,AP Team Lead,48,1.3,5,Yes,Yes,No,Coupa; Outlook; SharePoint; TMS,4,Freight Terms; Invoice; PO,3,AP-A05
MRG-2026-0072,V-100184,NorthStar Consumer Products,INV-987857,PO-526936,2026-01-17,2026-02-03,147657.07,PRICE_MISMATCH,Yes,CLOSED,PAY_PO_AMOUNT,AP Manager,33,2.2,3,Yes,No,No,Coupa; SAP; SharePoint,3,Invoice; PO; Pricing Agreement,3,AP-A07
MRG-2026-0073,V-100184,NorthStar Consumer Products,INV-636190,PO-587680,2026-01-23,2026-02-13,29362.31,OTHER,Yes,CLOSED,ESCALATE,AP Team Lead,26,11.3,3,No,No,No,Outlook; SAP; SharePoint; TMS,4,Case Notes; Email Thread,2,AP-A05
MRG-2026-0074,V-203811,Apex Industrial Supply,INV-282810,PO-840193,2026-04-17,2026-05-03,80304.53,OTHER,No,CLOSED,REJECT_DISPUTE,AP Manager,29,1.2,5,Yes,No,No,Outlook; Receiving; SAP,3,PO; Proof of Delivery; Receiving Confirmation,3,AP-A03
MRG-2026-0075,V-100184,NorthStar Consumer Products,INV-597094,PO-690934,2026-04-14,2026-04-20,48891.02,CONTRACT_TERM,Yes,CLOSED,PAY_AS_INVOICED,AP Team Lead,38,13.2,3,No,No,No,Coupa; Outlook; SAP; SharePoint,4,Amendment; Invoice; Master Agreement,3,AP-A05
MRG-2026-0076,V-100184,NorthStar Consumer Products,INV-974580,PO-977641,2026-05-22,2026-05-25,17703.28,CONTRACT_TERM,Yes,CLOSED,ESCALATE,AP Team Lead,29,17.5,3,No,No,Yes,SAP; SharePoint,2,Amendment; Email Thread; PO,3,AP-A02
MRG-2026-0077,V-203811,Apex Industrial Supply,INV-815059,PO-533077,2026-06-03,2026-06-13,94833.81,CONTRACT_TERM,No,CLOSED,ESCALATE,AP Manager,33,13.4,5,No,No,No,Coupa; Outlook; SAP; SharePoint,4,Invoice; PO,2,AP-A06
MRG-2026-0078,V-512870,Pinnacle Packaging,INV-449002,PO-658698,2026-03-05,2026-03-22,29026.64,CONTRACT_TERM,No,CLOSED,ESCALATE,AP Team Lead,29,15.9,5,No,No,No,Coupa; Outlook; SAP; SharePoint,4,Invoice; Master Agreement; PO,3,AP-A01
MRG-2026-0079,V-410221,Harbor Home Goods,INV-925555,PO-551617,2026-04-18,2026-04-28,66884.88,OTHER,No,CLOSED,PARTIAL_ADJUSTMENT,AP Manager,99,14.4,5,No,Yes,No,Coupa; Outlook; SAP; SharePoint,4,Amendment; Invoice; Master Agreement; PO,4,AP-A07
MRG-2026-0080,V-410221,Harbor Home Goods,INV-666958,PO-521083,2026-08-08,2026-08-15,35054.25,MISSING_RECEIPT,No,CLOSED,PAY_AS_INVOICED,AP Team Lead,27,0.9,5,Yes,No,No,Coupa; Outlook; Receiving; SAP,4,Invoice; PO; Proof of Delivery,3,AP-A04
MRG-2026-0081,V-512870,Pinnacle Packaging,INV-545070,PO-680872,2026-01-16,2026-01-25,19323.84,MISSING_RECEIPT,No,CLOSED,PARTIAL_ADJUSTMENT,AP Team Lead,23,3.5,5,Yes,No,No,Coupa; Outlook; Receiving; SAP,4,Invoice; PO; Proof of Delivery; Receiving Confirmation,4,AP-A05
MRG-2026-0082,V-301442,Solara Imports,INV-155686,PO-596679,2026-07-23,2026-08-07,37474.36,QUANTITY_MISMATCH,Yes,CLOSED,PAY_PO_AMOUNT,AP Team Lead,16,1.4,3,Yes,No,No,Coupa; Outlook; SAP,3,Goods Receipt; Invoice; Proof of Delivery,3,AP-A05
MRG-2026-0083,V-100184,NorthStar Consumer Products,INV-944530,PO-625528,2025-12-15,2026-01-09,341942.62,CONTRACT_TERM,Yes,CLOSED,PAY_PO_AMOUNT,Finance Director,59,19.4,3,No,No,Yes,Coupa; SAP; SharePoint,3,Amendment; Email Thread; Invoice; Master Agreement; PO,5,AP-A05
MRG-2026-0084,V-744205,BluePeak Logistics,INV-106471,PO-938392,2026-05-02,2026-05-22,9927.15,OTHER,No,CLOSED,ESCALATE,AP Analyst,36,4.3,5,Yes,No,No,Outlook; SAP; SharePoint,3,Case Notes; Invoice,2,AP-A03
MRG-2026-0085,V-301442,Solara Imports,INV-144919,PO-741226,2026-03-28,2026-04-10,32094.92,TAX,Yes,CLOSED,ESCALATE,AP Team Lead,23,15.0,3,No,No,No,Coupa; Outlook; SAP,3,Supplier Tax Document; Tax Configuration,2,AP-A03
MRG-2026-0086,V-744205,BluePeak Logistics,INV-406155,PO-749359,2026-01-31,2026-02-16,19976.31,TAX,No,CLOSED,ESCALATE,AP Team Lead,19,14.2,5,No,No,No,Outlook; Tax Config,2,PO; Supplier Tax Document; Tax Configuration,3,AP-A01
MRG-2026-0087,V-633190,Evergreen Facilities,INV-387106,PO-682477,2026-02-18,2026-03-15,17728.02,PRICE_MISMATCH,No,CLOSED,ESCALATE,AP Team Lead,16,12.6,5,No,No,No,Coupa; Outlook; Receiving; SAP,4,Goods Receipt; Invoice; Proof of Delivery,3,AP-A04
MRG-2026-0088,V-410221,Harbor Home Goods,INV-979616,PO-565155,2026-03-07,2026-03-26,69205.26,QUANTITY_MISMATCH,No,CLOSED,PAY_PO_AMOUNT,AP Manager,11,1.3,5,Yes,No,No,Coupa; Outlook; Receiving; SAP,4,Invoice; PO,2,AP-A08
MRG-2026-0089,V-744205,BluePeak Logistics,INV-967661,PO-591918,2026-03-07,2026-03-26,53679.86,MISSING_RECEIPT,No,CLOSED,ESCALATE,AP Manager,36,18.3,5,No,No,Yes,Coupa; Outlook; Receiving; SAP,4,PO; Receiving Confirmation,2,AP-A07
MRG-2026-0090,V-512870,Pinnacle Packaging,INV-364369,PO-569263,2026-01-12,2026-02-02,4724.86,QUANTITY_MISMATCH,No,CLOSED,ESCALATE,AP Analyst,19,2.6,5,Yes,No,Yes,Coupa; Outlook; Receiving,3,Invoice; PO; Proof of Delivery,3,AP-A05
MRG-2026-0091,V-203811,Apex Industrial Supply,INV-587478,PO-946852,2026-07-29,2026-08-13,27882.59,FREIGHT,No,CLOSED,PARTIAL_ADJUSTMENT,AP Team Lead,27,4.7,5,Yes,No,No,Coupa; Outlook; SAP; SharePoint; TMS,5,Invoice; PO,2,AP-A03
MRG-2026-0092,V-410221,Harbor Home Goods,INV-281785,PO-669965,2026-04-05,2026-04-20,27705.34,OTHER,No,CLOSED,ESCALATE,AP Team Lead,72,14.1,5,No,No,No,Coupa; Outlook; SAP; SharePoint; TMS,5,Case Notes; Email Thread; Invoice,3,AP-A03
MRG-2026-0093,V-512870,Pinnacle Packaging,INV-381777,PO-505146,2026-03-19,2026-03-28,10228.7,PRICE_MISMATCH,No,CLOSED,PARTIAL_ADJUSTMENT,AP Team Lead,14,4.1,5,Yes,No,No,Coupa; Outlook; SAP; SharePoint,4,Invoice; PO; Pricing Agreement,3,AP-A02
MRG-2026-0094,V-203811,Apex Industrial Supply,INV-215501,PO-698202,2026-03-14,2026-03-22,63107.78,QUANTITY_MISMATCH,No,CLOSED,REQUEST_CREDIT_NOTE,AP Manager,17,1.6,5,Yes,No,No,Coupa; Outlook; Receiving,3,Goods Receipt; Invoice; PO,3,AP-A04
MRG-2026-0095,V-203811,Apex Industrial Supply,INV-545517,PO-808240,2026-07-02,2026-07-15,2173.08,DUPLICATE,No,CLOSED,REJECT_DISPUTE,AP Analyst,5,1.0,5,Yes,No,No,Coupa; SAP,2,Payment History; Prior Invoice,2,AP-A08
MRG-2026-0096,V-100184,NorthStar Consumer Products,INV-160940,PO-835962,2026-05-10,2026-05-23,85444.69,QUANTITY_MISMATCH,Yes,CLOSED,PAY_PO_AMOUNT,AP Manager,18,0.8,3,Yes,No,No,Coupa; Outlook; Receiving; SAP,4,Goods Receipt; Invoice; Proof of Delivery,3,AP-A04
MRG-2026-0097,V-301442,Solara Imports,INV-641025,PO-984833,2026-07-25,2026-08-12,14459.45,FREIGHT,Yes,CLOSED,PAY_AS_INVOICED,AP Team Lead,33,0.9,3,Yes,Yes,No,Coupa; Outlook; SAP; SharePoint; TMS,5,Carrier Documentation; Invoice,2,AP-A03
MRG-2026-0098,V-633190,Evergreen Facilities,INV-712474,PO-951157,2026-07-21,2026-08-04,11468.39,QUANTITY_MISMATCH,No,CLOSED,REQUEST_CREDIT_NOTE,AP Team Lead,24,0.8,5,Yes,Yes,No,Coupa; Outlook; Receiving,3,Goods Receipt; Invoice; Proof of Delivery,3,AP-A08
MRG-2026-0099,V-203811,Apex Industrial Supply,INV-718435,PO-839632,2026-06-30,2026-07-08,14706.77,PRICE_MISMATCH,No,CLOSED,PAY_PO_AMOUNT,AP Team Lead,19,2.3,5,Yes,No,No,Coupa; SAP; SharePoint,3,Invoice; PO; Pricing Agreement,3,AP-A06
MRG-2026-0100,V-100184,NorthStar Consumer Products,INV-660116,PO-685403,2026-07-20,2026-08-12,14323.99,MISSING_RECEIPT,Yes,CLOSED,PAY_AS_INVOICED,AP Team Lead,13,1.0,3,Yes,No,No,Coupa; Outlook; SAP; SharePoint,4,Invoice; PO; Pricing Agreement,3,AP-A02
MRG-2026-0101,V-301442,Solara Imports,INV-464727,PO-523157,2026-07-20,2026-08-08,78279.69,QUANTITY_MISMATCH,Yes,CLOSED,REQUEST_CREDIT_NOTE,AP Manager,21,1.4,3,Yes,Yes,Yes,Coupa; Outlook; Receiving; SAP,4,Goods Receipt; Invoice; PO; Proof of Delivery,4,AP-A06
MRG-2026-0102,V-633190,Evergreen Facilities,INV-311216,PO-552258,2026-05-26,2026-06-13,22806.89,DUPLICATE,No,CLOSED,PAY_AS_INVOICED,AP Team Lead,8,1.7,5,Yes,No,No,Coupa; SAP,2,Invoice; Payment History; Prior Invoice,3,AP-A03
MRG-2026-0103,V-633190,Evergreen Facilities,INV-136333,PO-501766,2026-01-25,2026-02-16,6844.61,OTHER,No,CLOSED,REJECT_DISPUTE,AP Analyst,4,15.8,5,No,No,No,Coupa; SAP,2,Invoice; Payment History; Prior Invoice,3,AP-A06
MRG-2026-0104,V-301442,Solara Imports,INV-350051,PO-995135,2026-07-26,2026-08-11,28490.41,OTHER,Yes,CLOSED,ESCALATE,AP Team Lead,41,15.4,3,No,No,Yes,Coupa; Outlook; SAP; SharePoint; TMS,5,Case Notes; Email Thread; Invoice; PO,4,AP-A07
MRG-2026-0105,V-301442,Solara Imports,INV-867233,PO-981770,2026-05-18,2026-06-12,2632.42,OTHER,Yes,CLOSED,ESCALATE,AP Analyst,16,9.7,3,No,No,No,Coupa; Receiving; SAP,3,Goods Receipt; PO; Proof of Delivery,3,AP-A08
MRG-2026-0106,V-203811,Apex Industrial Supply,INV-258531,PO-898396,2026-03-21,2026-04-05,4728.89,FREIGHT,No,CLOSED,PARTIAL_ADJUSTMENT,AP Analyst,23,1.0,5,Yes,No,No,Outlook; SharePoint,2,Carrier Documentation; Freight Terms; Invoice; PO,4,AP-A06
MRG-2026-0107,V-100184,NorthStar Consumer Products,INV-184721,PO-532275,2026-06-13,2026-07-05,16502.25,FREIGHT,Yes,CLOSED,PARTIAL_ADJUSTMENT,AP Team Lead,20,12.1,3,No,No,No,Outlook; SAP; TMS,3,Carrier Documentation; PO,2,AP-A08
MRG-2026-0108,V-744205,BluePeak Logistics,INV-979168,PO-606002,2026-02-13,2026-02-18,12792.86,PRICE_MISMATCH,No,CLOSED,ESCALATE,AP Team Lead,9,15.5,5,No,No,Yes,Coupa; SAP; SharePoint,3,Invoice; PO; Pricing Agreement,3,AP-A06
MRG-2026-0109,V-633190,Evergreen Facilities,INV-846878,PO-716897,2026-01-25,2026-02-05,38910.33,OTHER,No,CLOSED,PAY_PO_AMOUNT,AP Team Lead,26,16.1,5,No,No,No,Coupa; Outlook; Receiving; SAP,4,Goods Receipt; Invoice; PO; Proof of Delivery,4,AP-A04
MRG-2026-0110,V-301442,Solara Imports,INV-126681,PO-672070,2026-03-13,2026-03-31,158387.86,OTHER,Yes,CLOSED,ESCALATE,AP Manager,20,9.4,3,No,No,No,Outlook; SharePoint; TMS,3,Email Thread; Invoice; PO,3,AP-A04
MRG-2026-0111,V-203811,Apex Industrial Supply,INV-746861,PO-600085,2026-04-18,2026-05-03,26122.08,CONTRACT_TERM,No,CLOSED,PAY_PO_AMOUNT,AP Team Lead,34,13.0,5,No,No,No,Coupa; Outlook; Receiving; SAP,4,Goods Receipt; Invoice; PO; Proof of Delivery,4,AP-A05
MRG-2026-0112,V-301442,Solara Imports,INV-437668,PO-692650,2026-06-03,2026-06-15,1949.53,DUPLICATE,Yes,CLOSED,REJECT_DISPUTE,AP Analyst,13,1.3,3,Yes,No,No,Coupa; SAP,2,Invoice; Payment History; Prior Invoice,3,AP-A03
MRG-2026-0113,V-100184,NorthStar Consumer Products,INV-310706,PO-796057,2026-05-24,2026-05-29,4316.41,OTHER,Yes,CLOSED,PARTIAL_ADJUSTMENT,AP Analyst,22,2.5,3,Yes,No,No,Coupa; SAP; SharePoint,3,Invoice; PO; Pricing Agreement,3,AP-A07
MRG-2026-0114,V-512870,Pinnacle Packaging,INV-580314,PO-909926,2025-12-17,2026-01-03,18781.9,MISSING_RECEIPT,No,CLOSED,ESCALATE,AP Team Lead,16,14.0,5,No,No,No,Coupa; Outlook; Receiving; SAP,4,Invoice; PO; Proof of Delivery; Receiving Confirmation,4,AP-A02
MRG-2026-0115,V-410221,Harbor Home Goods,INV-871535,PO-858058,2026-06-23,2026-07-09,12815.65,QUANTITY_MISMATCH,No,CLOSED,PAY_PO_AMOUNT,AP Team Lead,44,3.5,5,Yes,Yes,No,Coupa; Outlook; Receiving; SAP,4,Goods Receipt; PO; Proof of Delivery,3,AP-A07
MRG-2026-0116,V-744205,BluePeak Logistics,INV-311022,PO-509648,2026-07-08,2026-07-27,119465.29,PRICE_MISMATCH,No,CLOSED,ESCALATE,AP Manager,16,12.5,5,No,No,No,Coupa; Outlook; SharePoint,3,Invoice; PO; Pricing Agreement,3,AP-A08
MRG-2026-0117,V-744205,BluePeak Logistics,INV-373042,PO-588299,2026-05-24,2026-05-29,7131.19,DUPLICATE,No,CLOSED,REJECT_DISPUTE,AP Analyst,5,0.8,5,Yes,No,No,Coupa; SAP,2,Invoice; Payment History; Prior Invoice,3,AP-A03
MRG-2026-0118,V-301442,Solara Imports,INV-696352,PO-592015,2026-05-22,2026-06-14,21891.36,QUANTITY_MISMATCH,Yes,CLOSED,REQUEST_CREDIT_NOTE,AP Team Lead,13,13.6,3,No,No,Yes,Coupa; Outlook; Receiving; SAP,4,Goods Receipt; Invoice; PO; Proof of Delivery,4,AP-A06
MRG-2026-0119,V-301442,Solara Imports,INV-263711,PO-547412,2026-05-14,2026-06-03,24549.74,OTHER,Yes,CLOSED,PAY_AS_INVOICED,AP Team Lead,38,18.5,3,No,Yes,Yes,Coupa; Outlook,2,Invoice; PO; Receiving Confirmation,3,AP-A07
MRG-2026-0120,V-301442,Solara Imports,INV-134187,PO-620785,2026-03-14,2026-03-20,18931.39,PRICE_MISMATCH,Yes,CLOSED,PAY_PO_AMOUNT,AP Team Lead,13,1.3,3,Yes,No,No,Outlook; SAP; SharePoint,3,Invoice; Pricing Agreement,2,AP-A08
MRG-2026-0121,V-744205,BluePeak Logistics,INV-345470,PO-995535,2026-06-08,2026-06-16,17165.84,PRICE_MISMATCH,No,CLOSED,PAY_PO_AMOUNT,AP Team Lead,13,2.0,5,Yes,No,No,Coupa; Outlook; SAP; SharePoint,4,Invoice; PO; Pricing Agreement,3,AP-A03
MRG-2026-0122,V-512870,Pinnacle Packaging,INV-745872,PO-653441,2026-02-25,2026-03-21,40453.33,OTHER,No,CLOSED,ESCALATE,AP Team Lead,37,13.4,5,No,No,No,Coupa; Outlook; SAP; SharePoint,4,Email Thread; Invoice,2,AP-A04
MRG-2026-0123,V-512870,Pinnacle Packaging,INV-568194,PO-682102,2026-02-13,2026-02-28,25093.55,FREIGHT,No,CLOSED,PAY_AS_INVOICED,AP Team Lead,29,15.1,5,No,Yes,No,Coupa; Outlook; SAP,3,Freight Terms; Invoice; PO,3,AP-A06
MRG-2026-0124,V-410221,Harbor Home Goods,INV-941943,PO-611256,2026-04-09,2026-04-18,98212.37,PRICE_MISMATCH,No,CLOSED,PAY_AS_INVOICED,AP Manager,16,2.5,5,Yes,No,No,Coupa; Outlook; SAP; SharePoint,4,Invoice; PO; Pricing Agreement,3,AP-A01
MRG-2026-0125,V-633190,Evergreen Facilities,INV-612243,PO-794583,2026-02-24,2026-03-15,6574.61,TAX,No,CLOSED,ESCALATE,AP Analyst,27,18.5,5,No,No,No,Coupa; Outlook; SAP; Tax Config,4,Invoice; PO; Supplier Tax Document; Tax Configuration,4,AP-A01
MRG-2026-0126,V-744205,BluePeak Logistics,INV-590316,PO-707020,2026-01-02,2026-01-23,2396.56,PRICE_MISMATCH,No,CLOSED,PAY_AS_INVOICED,AP Analyst,11,3.2,5,Yes,No,No,Coupa; Outlook; SAP; SharePoint,4,Invoice; PO; Pricing Agreement,3,AP-A05
MRG-2026-0127,V-100184,NorthStar Consumer Products,INV-909877,PO-649573,2026-03-02,2026-03-05,98906.52,MISSING_RECEIPT,Yes,CLOSED,REJECT_DISPUTE,AP Manager,26,15.1,3,No,No,Yes,Coupa; Receiving; SAP,3,PO; Proof of Delivery; Receiving Confirmation,3,AP-A02
MRG-2026-0128,V-301442,Solara Imports,INV-658961,PO-638797,2026-03-24,2026-03-27,32743.82,FREIGHT,Yes,CLOSED,PAY_AS_INVOICED,AP Team Lead,19,2.7,3,Yes,No,No,Coupa; Outlook; TMS,3,Carrier Documentation; Freight Terms; Invoice; PO,4,AP-A04
MRG-2026-0129,V-410221,Harbor Home Goods,INV-850493,PO-592004,2026-01-22,2026-02-03,51426.25,PRICE_MISMATCH,No,CLOSED,PAY_AS_INVOICED,AP Manager,11,3.7,5,Yes,No,No,Coupa; Outlook; SAP; SharePoint,4,Invoice; PO; Pricing Agreement,3,AP-A01
MRG-2026-0130,V-512870,Pinnacle Packaging,INV-878913,PO-834161,2026-03-20,2026-04-06,21689.09,PRICE_MISMATCH,No,CLOSED,ESCALATE,AP Team Lead,12,1.2,5,Yes,No,No,Coupa; Outlook; SAP; SharePoint,4,Invoice; PO,2,AP-A04
MRG-2026-0131,V-633190,Evergreen Facilities,INV-447968,PO-565383,2026-07-10,2026-07-31,38725.57,PRICE_MISMATCH,No,CLOSED,PAY_AS_INVOICED,AP Team Lead,8,2.7,5,Yes,No,No,Coupa; Outlook; SAP; SharePoint,4,Invoice; PO; Pricing Agreement,3,AP-A01
MRG-2026-0132,V-100184,NorthStar Consumer Products,INV-694797,PO-893482,2026-07-30,2026-08-13,212819.79,MISSING_RECEIPT,Yes,CLOSED,ESCALATE,AP Manager,22,10.4,3,No,No,Yes,Outlook; Receiving; SAP,3,Invoice; PO; Proof of Delivery,3,AP-A08
MRG-2026-0133,V-301442,Solara Imports,INV-771027,PO-939210,2026-05-24,2026-06-09,25178.03,MISSING_RECEIPT,Yes,CLOSED,PARTIAL_ADJUSTMENT,AP Team Lead,16,10.6,3,No,No,No,Coupa; Outlook; Receiving; SAP,4,Invoice; PO; Proof of Delivery; Receiving Confirmation,4,AP-A06
MRG-2026-0134,V-512870,Pinnacle Packaging,INV-145089,PO-609588,2026-01-07,2026-01-31,3910.82,DUPLICATE,No,CLOSED,PAY_AS_INVOICED,AP Analyst,9,14.4,5,No,No,No,Coupa; SAP,2,Invoice; Payment History; Prior Invoice,3,AP-A05
MRG-2026-0135,V-100184,NorthStar Consumer Products,INV-537344,PO-605627,2025-12-30,2026-01-19,23557.44,OTHER,Yes,CLOSED,PARTIAL_ADJUSTMENT,AP Team Lead,16,2.5,3,Yes,No,No,Coupa; Outlook; SAP; SharePoint,4,Invoice; PO; Pricing Agreement,3,AP-A03
MRG-2026-0136,V-301442,Solara Imports,INV-109184,PO-657693,2026-05-09,2026-05-12,3963.98,OTHER,Yes,CLOSED,REJECT_DISPUTE,AP Analyst,5,2.8,3,Yes,No,No,Coupa; SAP,2,Invoice; Payment History; Prior Invoice,3,AP-A03
MRG-2026-0137,V-301442,Solara Imports,INV-689799,PO-987258,2026-04-16,2026-05-03,46797.1,OTHER,Yes,CLOSED,ESCALATE,AP Team Lead,25,1.2,3,Yes,No,No,Coupa; Outlook; SAP; TMS,4,Case Notes; Invoice; PO,3,AP-A02
MRG-2026-0138,V-100184,NorthStar Consumer Products,INV-808603,PO-803678,2026-01-04,2026-01-09,34214.67,CONTRACT_TERM,Yes,CLOSED,PAY_PO_AMOUNT,AP Team Lead,51,2.2,3,Yes,No,No,Coupa; Outlook; SAP; SharePoint,4,Email Thread; Invoice; PO,3,AP-A01
MRG-2026-0139,V-203811,Apex Industrial Supply,INV-798793,PO-785692,2026-03-25,2026-03-31,48088.38,FREIGHT,No,CLOSED,PARTIAL_ADJUSTMENT,AP Team Lead,27,13.5,5,No,No,No,Outlook; SAP,2,Carrier Documentation; Invoice; PO,3,AP-A04
MRG-2026-0140,V-100184,NorthStar Consumer Products,INV-517108,PO-808300,2026-04-13,2026-04-30,19400.58,TAX,Yes,CLOSED,ESCALATE,AP Team Lead,17,12.4,3,No,No,No,Coupa; Outlook; SAP,3,Supplier Tax Document; Tax Configuration,2,AP-A01
MRG-2026-0141,V-410221,Harbor Home Goods,INV-211276,PO-989786,2026-03-25,2026-03-28,123533.3,MISSING_RECEIPT,No,CLOSED,PAY_AS_INVOICED,AP Manager,28,1.0,5,Yes,No,No,Coupa; Outlook; Receiving,3,Invoice; PO; Proof of Delivery,3,AP-A06
MRG-2026-0142,V-744205,BluePeak Logistics,INV-550236,PO-725476,2026-08-01,2026-08-07,19456.39,OTHER,No,CLOSED,ESCALATE,AP Team Lead,16,16.5,5,No,No,No,Coupa; Outlook; SAP; SharePoint,4,Invoice; PO; Pricing Agreement,3,AP-A04
MRG-2026-0143,V-301442,Solara Imports,INV-394012,PO-617518,2026-08-10,2026-08-27,19100.58,TAX,Yes,CLOSED,ESCALATE,AP Team Lead,16,21.3,3,No,No,No,Coupa; Outlook; SAP; Tax Config,4,Invoice; PO; Supplier Tax Document; Tax Configuration,4,AP-A01
MRG-2026-0144,V-203811,Apex Industrial Supply,INV-345523,PO-800984,2026-03-30,2026-04-13,3235.57,MISSING_RECEIPT,No,CLOSED,PARTIAL_ADJUSTMENT,AP Analyst,15,1.1,5,Yes,No,No,Coupa; Outlook; Receiving,3,Invoice; PO; Proof of Delivery; Receiving Confirmation,4,AP-A01
MRG-2026-0145,V-203811,Apex Industrial Supply,INV-711962,PO-600745,2026-03-30,2026-04-18,12583.86,PRICE_MISMATCH,No,CLOSED,PAY_AS_INVOICED,AP Team Lead,12,0.7,5,Yes,No,No,Coupa; Outlook; SAP; SharePoint,4,Invoice; PO,2,AP-A07
MRG-2026-0146,V-100184,NorthStar Consumer Products,INV-595630,PO-899672,2026-06-08,2026-06-22,23440.7,OTHER,Yes,CLOSED,ESCALATE,AP Team Lead,68,2.3,3,Yes,No,No,Coupa; SAP; SharePoint; TMS,4,Invoice; PO,2,AP-A07
MRG-2026-0147,V-301442,Solara Imports,INV-364990,PO-690940,2026-01-12,2026-01-15,82935.19,CONTRACT_TERM,Yes,CLOSED,ESCALATE,AP Manager,62,12.1,3,No,Yes,No,Coupa; Outlook; SharePoint,3,Amendment; Email Thread; Invoice,3,AP-A02
MRG-2026-0148,V-100184,NorthStar Consumer Products,INV-266618,PO-871071,2026-03-20,2026-04-02,26740.45,OTHER,Yes,CLOSED,ESCALATE,AP Team Lead,23,18.3,3,No,No,No,Coupa; Outlook; SharePoint; TMS,4,Case Notes; Invoice; PO,3,AP-A04
MRG-2026-0149,V-744205,BluePeak Logistics,INV-248301,PO-892671,2026-05-07,2026-05-15,34611.58,PRICE_MISMATCH,No,CLOSED,PAY_AS_INVOICED,AP Team Lead,19,0.7,5,Yes,No,No,Coupa; Outlook; SAP; SharePoint,4,Invoice; PO; Pricing Agreement,3,AP-A05
MRG-2026-0150,V-100184,NorthStar Consumer Products,INV-835959,PO-561346,2026-01-15,2026-02-02,75769.61,FREIGHT,Yes,CLOSED,REJECT_DISPUTE,AP Manager,32,2.9,3,Yes,No,No,Coupa; SAP; SharePoint,3,Invoice; PO,2,AP-A07
MRG-2026-0151,V-301442,Solara Imports,INV-105417,PO-580384,2026-03-31,2026-04-19,11572.93,MISSING_RECEIPT,Yes,CLOSED,ESCALATE,AP Team Lead,30,11.0,3,No,No,No,Coupa; Outlook; Receiving; SAP,4,Invoice; PO; Receiving Confirmation,3,AP-A04
MRG-2026-0152,V-301442,Solara Imports,INV-478541,PO-720310,2026-07-09,2026-07-30,50396.0,CONTRACT_TERM,Yes,CLOSED,ESCALATE,AP Manager,27,14.9,3,No,No,Yes,Outlook; SAP; SharePoint,3,Email Thread; Master Agreement; PO,3,AP-A03
MRG-2026-0153,V-301442,Solara Imports,INV-157621,PO-560565,2026-07-03,2026-07-08,52997.06,MISSING_RECEIPT,Yes,CLOSED,REJECT_DISPUTE,AP Manager,32,11.4,3,No,Yes,No,Coupa; Outlook; Receiving; SAP,4,Invoice; Proof of Delivery; Receiving Confirmation,3,AP-A02
MRG-2026-0154,V-203811,Apex Industrial Supply,INV-660514,PO-996728,2026-07-01,2026-07-26,87362.07,MISSING_RECEIPT,No,CLOSED,ESCALATE,AP Manager,43,15.6,5,No,Yes,Yes,Coupa; Outlook; Receiving; SAP,4,PO; Proof of Delivery; Receiving Confirmation,3,AP-A07
MRG-2026-0155,V-301442,Solara Imports,INV-893647,PO-753883,2026-08-16,2026-08-26,21552.98,QUANTITY_MISMATCH,Yes,CLOSED,ESCALATE,AP Team Lead,13,1.1,3,Yes,No,No,Coupa; Receiving; SAP,3,Goods Receipt; Invoice; PO; Proof of Delivery,4,AP-A05
MRG-2026-0156,V-301442,Solara Imports,INV-773794,PO-695377,2026-07-18,2026-08-08,23670.05,OTHER,Yes,CLOSED,ESCALATE,AP Team Lead,49,1.1,3,Yes,No,No,SAP; SharePoint; TMS,3,Invoice; PO,2,AP-A07
MRG-2026-0157,V-410221,Harbor Home Goods,INV-999809,PO-695311,2026-02-02,2026-02-21,18681.48,PRICE_MISMATCH,No,CLOSED,PAY_AS_INVOICED,AP Team Lead,19,21.6,5,No,Yes,Yes,Coupa; Outlook; SAP,3,Invoice; PO; Pricing Agreement,3,AP-A06
MRG-2026-0158,V-301442,Solara Imports,INV-777164,PO-683457,2026-01-01,2026-01-04,55725.16,TAX,Yes,CLOSED,REQUEST_CREDIT_NOTE,AP Manager,51,16.3,3,No,No,No,Coupa; SAP; Tax Config,3,Invoice; PO; Tax Configuration,3,AP-A06
MRG-2026-0159,V-100184,NorthStar Consumer Products,INV-634742,PO-630997,2026-05-29,2026-06-11,16551.83,OTHER,Yes,CLOSED,REQUEST_CREDIT_NOTE,AP Team Lead,22,2.5,3,Yes,No,No,Outlook; Receiving; SAP,3,Goods Receipt; Invoice; PO; Proof of Delivery,4,AP-A02
MRG-2026-0160,V-100184,NorthStar Consumer Products,INV-194319,PO-688513,2026-07-25,2026-07-29,35209.85,MISSING_RECEIPT,Yes,CLOSED,ESCALATE,AP Team Lead,25,17.4,3,No,No,Yes,Coupa; Outlook; Receiving; SAP,4,Invoice; Proof of Delivery; Receiving Confirmation,3,AP-A05
MRG-2026-0161,V-301442,Solara Imports,INV-569095,PO-917187,2026-01-26,2026-02-19,22841.04,PRICE_MISMATCH,Yes,CLOSED,PARTIAL_ADJUSTMENT,AP Team Lead,26,0.7,3,Yes,Yes,No,Coupa; Outlook; SharePoint,3,Invoice; PO,2,AP-A05
MRG-2026-0162,V-100184,NorthStar Consumer Products,INV-654051,PO-806990,2026-04-03,2026-04-17,13511.21,DUPLICATE,Yes,CLOSED,REJECT_DISPUTE,AP Team Lead,8,1.7,3,Yes,No,No,Coupa; SAP,2,Invoice; Payment History; Prior Invoice,3,AP-A06
MRG-2026-0163,V-203811,Apex Industrial Supply,INV-667191,PO-773178,2026-07-20,2026-08-05,27155.9,PRICE_MISMATCH,No,CLOSED,PAY_AS_INVOICED,AP Team Lead,10,3.7,5,Yes,No,No,Coupa; Outlook; SAP; SharePoint,4,Invoice; PO; Pricing Agreement,3,AP-A01
MRG-2026-0164,V-301442,Solara Imports,INV-760674,PO-904481,2026-02-12,2026-03-06,33955.68,OTHER,Yes,CLOSED,ESCALATE,AP Team Lead,27,18.2,3,No,No,Yes,Outlook; SAP; SharePoint; TMS,4,Carrier Documentation; Freight Terms; Invoice; PO,4,AP-A08
MRG-2026-0165,V-512870,Pinnacle Packaging,INV-347262,PO-779498,2026-03-03,2026-03-27,3980.08,TAX,No,CLOSED,PAY_AS_INVOICED,AP Analyst,57,14.7,5,No,Yes,No,Coupa; Outlook; SAP; Tax Config,4,Supplier Tax Document; Tax Configuration,2,AP-A05
MRG-2026-0166,V-410221,Harbor Home Goods,INV-591945,PO-814194,2026-04-23,2026-04-25,5463.51,DUPLICATE,No,CLOSED,REJECT_DISPUTE,AP Analyst,9,3.2,5,Yes,No,No,Coupa; SAP,2,Payment History; Prior Invoice,2,AP-A05
MRG-2026-0167,V-410221,Harbor Home Goods,INV-959423,PO-962190,2026-02-18,2026-03-13,3185.86,FREIGHT,No,CLOSED,PARTIAL_ADJUSTMENT,AP Analyst,51,17.8,5,No,Yes,No,Coupa; Outlook; SAP; SharePoint; TMS,5,Carrier Documentation; Freight Terms,2,AP-A05
MRG-2026-0168,V-100184,NorthStar Consumer Products,INV-442456,PO-689629,2026-03-02,2026-03-26,80950.5,PRICE_MISMATCH,Yes,CLOSED,PAY_PO_AMOUNT,AP Manager,16,1.1,3,Yes,No,No,Coupa; Outlook; SAP; SharePoint,4,Invoice; PO; Pricing Agreement,3,AP-A05
MRG-2026-0169,V-633190,Evergreen Facilities,INV-554618,PO-751386,2026-03-14,2026-04-05,4631.59,FREIGHT,No,CLOSED,ESCALATE,AP Analyst,27,13.5,5,No,No,Yes,Coupa; SAP; SharePoint; TMS,4,Carrier Documentation; Freight Terms,2,AP-A04
MRG-2026-0170,V-100184,NorthStar Consumer Products,INV-917523,PO-743915,2026-03-17,2026-03-27,30355.33,MISSING_RECEIPT,Yes,CLOSED,PAY_AS_INVOICED,AP Team Lead,48,14.6,3,No,Yes,Yes,Coupa; Outlook; Receiving; SAP,4,Invoice; Proof of Delivery; Receiving Confirmation,3,AP-A02
MRG-2026-0171,V-100184,NorthStar Consumer Products,INV-584139,PO-775536,2026-06-21,2026-06-28,24363.36,QUANTITY_MISMATCH,Yes,CLOSED,REQUEST_CREDIT_NOTE,AP Team Lead,18,0.7,3,Yes,No,No,Coupa; Outlook; Receiving; SAP,4,Goods Receipt; Invoice; Proof of Delivery,3,AP-A03
MRG-2026-0172,V-100184,NorthStar Consumer Products,INV-211209,PO-553429,2026-07-31,2026-08-02,8401.0,PRICE_MISMATCH,Yes,CLOSED,PAY_PO_AMOUNT,AP Analyst,20,2.1,3,Yes,No,No,Coupa; Outlook; SharePoint,3,Invoice; PO,2,AP-A05
MRG-2026-0173,V-512870,Pinnacle Packaging,INV-308962,PO-609721,2026-02-03,2026-02-12,4125.71,DUPLICATE,No,CLOSED,REJECT_DISPUTE,AP Analyst,5,1.7,5,Yes,No,No,Coupa; SAP,2,Payment History; Prior Invoice,2,AP-A01
MRG-2026-0174,V-203811,Apex Industrial Supply,INV-446960,PO-511021,2026-07-20,2026-08-07,66054.21,CONTRACT_TERM,No,CLOSED,ESCALATE,AP Manager,30,15.0,5,No,No,No,Outlook; SAP; SharePoint,3,Amendment; Master Agreement; PO,3,AP-A04
MRG-2026-0175,V-100184,NorthStar Consumer Products,INV-211812,PO-743689,2026-01-13,2026-02-04,23886.44,CONTRACT_TERM,Yes,CLOSED,PAY_AS_INVOICED,AP Team Lead,41,11.6,3,No,No,No,Coupa; Outlook; SAP; SharePoint,4,Email Thread; Master Agreement; PO,3,AP-A07
MRG-2026-0176,V-100184,NorthStar Consumer Products,INV-192392,PO-595236,2026-05-08,2026-05-17,12973.87,QUANTITY_MISMATCH,Yes,CLOSED,PAY_PO_AMOUNT,AP Team Lead,18,2.2,3,Yes,No,No,Coupa; Outlook; Receiving; SAP,4,Goods Receipt; Invoice; PO; Proof of Delivery,4,AP-A08
MRG-2026-0177,V-100184,NorthStar Consumer Products,INV-797339,PO-635597,2026-08-04,2026-08-08,52813.72,PRICE_MISMATCH,Yes,CLOSED,PAY_PO_AMOUNT,AP Manager,16,2.4,3,Yes,No,No,Coupa; Outlook; SharePoint,3,Invoice; PO,2,AP-A08
MRG-2026-0178,V-203811,Apex Industrial Supply,INV-481934,PO-731316,2026-07-05,2026-07-21,9890.48,PRICE_MISMATCH,No,CLOSED,PAY_AS_INVOICED,AP Analyst,16,1.2,5,Yes,No,No,Coupa; Outlook; SAP; SharePoint,4,Invoice; PO; Pricing Agreement,3,AP-A02
MRG-2026-0179,V-633190,Evergreen Facilities,INV-497992,PO-532913,2026-06-29,2026-07-01,13212.36,QUANTITY_MISMATCH,No,CLOSED,ESCALATE,AP Team Lead,21,2.9,5,Yes,No,No,Coupa; Outlook; Receiving,3,Goods Receipt; Invoice; Proof of Delivery,3,AP-A01
MRG-2026-0180,V-100184,NorthStar Consumer Products,INV-823426,PO-695482,2026-01-31,2026-02-03,58346.07,OTHER,Yes,CLOSED,PAY_AS_INVOICED,AP Manager,41,1.0,3,Yes,No,No,Coupa; Outlook; SAP; SharePoint,4,Email Thread; Master Agreement; PO,3,AP-A03
MRG-2026-0181,V-633190,Evergreen Facilities,INV-489756,PO-798228,2026-07-01,2026-07-07,27943.97,MISSING_RECEIPT,No,CLOSED,PAY_AS_INVOICED,AP Team Lead,33,13.9,5,No,No,Yes,Outlook; Receiving; SAP,3,Invoice; PO; Proof of Delivery; Receiving Confirmation,4,AP-A05
MRG-2026-0182,V-100184,NorthStar Consumer Products,INV-266752,PO-682430,2026-02-21,2026-03-15,13675.01,PRICE_MISMATCH,Yes,CLOSED,PAY_PO_AMOUNT,AP Team Lead,18,0.7,3,Yes,No,No,Coupa; Outlook; SAP; SharePoint,4,PO; Pricing Agreement,2,AP-A03
MRG-2026-0183,V-633190,Evergreen Facilities,INV-843131,PO-688137,2026-01-09,2026-01-31,67206.21,OTHER,No,CLOSED,REJECT_DISPUTE,AP Manager,42,3.6,5,Yes,No,No,Outlook; SAP; TMS,3,Case Notes; Email Thread; Invoice; PO,4,AP-A03
MRG-2026-0184,V-301442,Solara Imports,INV-111970,PO-521202,2026-02-20,2026-03-11,11749.25,FREIGHT,Yes,CLOSED,REJECT_DISPUTE,AP Team Lead,15,1.2,3,Yes,No,No,Outlook; SAP; SharePoint; TMS,4,Carrier Documentation; Invoice; PO,3,AP-A02
MRG-2026-0185,V-203811,Apex Industrial Supply,INV-305130,PO-850645,2026-03-28,2026-04-02,20141.51,MISSING_RECEIPT,No,CLOSED,ESCALATE,AP Team Lead,14,2.1,5,Yes,No,No,Coupa; Outlook; Receiving; SAP,4,Invoice; Receiving Confirmation,2,AP-A06
MRG-2026-0186,V-100184,NorthStar Consumer Products,INV-865059,PO-890143,2026-06-29,2026-07-05,7234.85,DUPLICATE,Yes,CLOSED,ESCALATE,AP Analyst,6,1.9,3,Yes,No,Yes,Coupa; SAP,2,Invoice; Payment History; Prior Invoice,3,AP-A07
MRG-2026-0187,V-301442,Solara Imports,INV-128528,PO-912151,2026-06-10,2026-06-30,22513.82,QUANTITY_MISMATCH,Yes,CLOSED,ESCALATE,AP Team Lead,24,2.8,3,Yes,No,No,Coupa; Outlook; Receiving; SAP,4,Goods Receipt; Invoice; PO; Proof of Delivery,4,AP-A03
MRG-2026-0188,V-203811,Apex Industrial Supply,INV-461630,PO-767072,2026-06-30,2026-07-14,10388.08,PRICE_MISMATCH,No,CLOSED,PARTIAL_ADJUSTMENT,AP Team Lead,29,15.9,5,No,Yes,No,Coupa; SAP; SharePoint,3,Invoice; PO; Pricing Agreement,3,AP-A05
MRG-2026-0189,V-203811,Apex Industrial Supply,INV-203521,PO-697822,2026-05-17,2026-06-07,5777.04,DUPLICATE,No,CLOSED,PAY_AS_INVOICED,AP Analyst,9,1.6,5,Yes,No,No,Coupa; SAP,2,Invoice; Payment History; Prior Invoice,3,AP-A05
MRG-2026-0190,V-301442,Solara Imports,INV-803964,PO-989784,2026-06-06,2026-06-30,12029.92,FREIGHT,Yes,CLOSED,REJECT_DISPUTE,AP Team Lead,19,2.9,3,Yes,No,No,Coupa; Outlook; SAP; SharePoint; TMS,5,Carrier Documentation; Freight Terms; PO,3,AP-A05
MRG-2026-0191,V-301442,Solara Imports,INV-714266,PO-826910,2026-05-28,2026-06-18,19218.49,DUPLICATE,Yes,CLOSED,PAY_AS_INVOICED,AP Team Lead,44,18.6,3,No,Yes,No,Coupa; Outlook; Receiving; SAP,4,Invoice; Proof of Delivery; Receiving Confirmation,3,AP-A06
MRG-2026-0192,V-203811,Apex Industrial Supply,INV-719378,PO-592838,2026-04-25,2026-05-08,30992.32,OTHER,No,CLOSED,PAY_PO_AMOUNT,AP Team Lead,11,3.2,5,Yes,No,No,Coupa; Outlook; Receiving,3,Goods Receipt; Invoice; Proof of Delivery,3,AP-A01
MRG-2026-0193,V-100184,NorthStar Consumer Products,INV-726971,PO-786237,2026-05-06,2026-05-31,17857.89,QUANTITY_MISMATCH,Yes,CLOSED,PARTIAL_ADJUSTMENT,AP Team Lead,27,0.7,3,Yes,No,No,Coupa; Outlook,2,Goods Receipt; Proof of Delivery,2,AP-A05
MRG-2026-0194,V-100184,NorthStar Consumer Products,INV-603660,PO-964289,2026-03-05,2026-03-20,88731.96,QUANTITY_MISMATCH,Yes,CLOSED,REQUEST_CREDIT_NOTE,AP Manager,10,7.9,3,No,No,No,Coupa; Outlook; Receiving,3,Goods Receipt; Invoice; PO,3,AP-A01
MRG-2026-0195,V-744205,BluePeak Logistics,INV-227637,PO-958303,2026-03-07,2026-03-13,4286.08,FREIGHT,No,CLOSED,PAY_AS_INVOICED,AP Analyst,49,16.0,5,No,Yes,No,Coupa; SAP; SharePoint; TMS,4,Carrier Documentation; Freight Terms; PO,3,AP-A07
MRG-2026-0196,V-410221,Harbor Home Goods,INV-475673,PO-832184,2026-04-24,2026-05-14,19553.08,TAX,No,CLOSED,ESCALATE,AP Team Lead,17,13.0,5,No,No,No,Coupa; Outlook; Tax Config,3,Invoice; Supplier Tax Document; Tax Configuration,3,AP-A06
MRG-2026-0197,V-203811,Apex Industrial Supply,INV-377383,PO-813072,2026-05-04,2026-05-28,6837.93,PRICE_MISMATCH,No,CLOSED,ESCALATE,AP Analyst,20,1.0,5,Yes,No,No,Coupa; SAP; SharePoint,3,Invoice; PO; Pricing Agreement,3,AP-A05
MRG-2026-0198,V-203811,Apex Industrial Supply,INV-473318,PO-833765,2026-08-10,2026-08-24,9976.37,OTHER,No,CLOSED,REJECT_DISPUTE,AP Analyst,8,0.8,5,Yes,No,No,Coupa; SAP,2,Invoice; Payment History; Prior Invoice,3,AP-A07
MRG-2026-0199,V-410221,Harbor Home Goods,INV-420299,PO-845194,2026-03-16,2026-04-02,13355.44,QUANTITY_MISMATCH,No,CLOSED,PARTIAL_ADJUSTMENT,AP Team Lead,21,11.5,5,No,No,No,Coupa; Outlook; Receiving; SAP,4,Goods Receipt; Invoice; PO,3,AP-A05
MRG-2026-0200,V-301442,Solara Imports,INV-309929,PO-738748,2026-04-30,2026-05-16,228715.04,OTHER,Yes,CLOSED,REJECT_DISPUTE,AP Manager,47,9.4,3,No,Yes,No,Coupa; SAP; SharePoint; TMS,4,Case Notes; Email Thread; Invoice,3,AP-A07
MRG-2026-0201,V-410221,Harbor Home Goods,INV-887922,PO-827164,2026-07-25,2026-08-08,30671.86,FREIGHT,No,CLOSED,PARTIAL_ADJUSTMENT,AP Team Lead,31,3.2,5,Yes,No,No,Coupa; Outlook; SAP; SharePoint; TMS,5,Carrier Documentation; Freight Terms; PO,3,AP-A02
MRG-2026-0202,V-100184,NorthStar Consumer Products,INV-895795,PO-515224,2026-06-05,2026-06-27,5994.55,PRICE_MISMATCH,Yes,CLOSED,PAY_AS_INVOICED,AP Analyst,14,2.2,3,Yes,No,No,Outlook; SAP; SharePoint,3,Invoice; PO; Pricing Agreement,3,AP-A06
MRG-2026-0203,V-744205,BluePeak Logistics,INV-385986,PO-748288,2026-06-14,2026-07-09,10642.82,QUANTITY_MISMATCH,No,CLOSED,REQUEST_CREDIT_NOTE,AP Team Lead,15,3.1,5,Yes,No,No,Coupa; Outlook; Receiving; SAP,4,Goods Receipt; PO,2,AP-A01
MRG-2026-0204,V-203811,Apex Industrial Supply,INV-838951,PO-890140,2026-08-03,2026-08-05,102074.93,TAX,No,CLOSED,PARTIAL_ADJUSTMENT,AP Manager,21,15.4,5,No,No,No,Outlook; Receiving; SAP,3,Goods Receipt; Invoice; Proof of Delivery,3,AP-A05
MRG-2026-0205,V-633190,Evergreen Facilities,INV-789950,PO-508327,2026-02-15,2026-02-23,4941.2,CONTRACT_TERM,No,CLOSED,PAY_PO_AMOUNT,AP Analyst,58,18.8,5,No,Yes,No,Coupa; SharePoint,2,Amendment; Email Thread; Invoice; Master Agreement; PO,5,AP-A04
MRG-2026-0206,V-744205,BluePeak Logistics,INV-927351,PO-515804,2026-01-27,2026-02-04,17743.65,MISSING_RECEIPT,No,CLOSED,PAY_AS_INVOICED,AP Team Lead,39,10.9,5,No,No,No,Coupa; Outlook; SharePoint,3,Amendment; Email Thread; Invoice; Master Agreement; PO,5,AP-A03
MRG-2026-0207,V-410221,Harbor Home Goods,INV-307913,PO-579231,2025-12-26,2026-01-02,6244.3,DUPLICATE,No,CLOSED,REJECT_DISPUTE,AP Analyst,4,1.0,5,Yes,No,No,Coupa; SAP,2,Invoice; Payment History; Prior Invoice,3,AP-A06
MRG-2026-0208,V-633190,Evergreen Facilities,INV-859252,PO-844417,2026-03-13,2026-03-19,10388.35,MISSING_RECEIPT,No,CLOSED,PARTIAL_ADJUSTMENT,AP Team Lead,29,1.6,5,Yes,No,No,Coupa; Receiving; SAP,3,Goods Receipt; Invoice; PO,3,AP-A05
MRG-2026-0209,V-100184,NorthStar Consumer Products,INV-541411,PO-619841,2026-04-19,2026-04-22,12040.89,PRICE_MISMATCH,Yes,CLOSED,ESCALATE,AP Team Lead,16,2.9,3,Yes,No,No,Coupa; SAP; SharePoint,3,Invoice; PO,2,AP-A06
MRG-2026-0210,V-203811,Apex Industrial Supply,INV-358355,PO-901572,2026-07-29,2026-08-04,11593.78,PRICE_MISMATCH,No,CLOSED,PAY_AS_INVOICED,AP Team Lead,14,3.6,5,Yes,No,No,Coupa; Outlook; SharePoint,3,Invoice; PO; Pricing Agreement,3,AP-A02
MRG-2026-0211,V-203811,Apex Industrial Supply,INV-288247,PO-901601,2026-07-05,2026-07-23,167377.59,CONTRACT_TERM,No,CLOSED,PAY_AS_INVOICED,AP Manager,48,19.0,5,No,No,Yes,Coupa; Outlook; SAP; SharePoint,4,Email Thread; Invoice; Master Agreement; PO,4,AP-A06
MRG-2026-0212,V-203811,Apex Industrial Supply,INV-271364,PO-916380,2026-01-10,2026-01-16,6847.67,PRICE_MISMATCH,No,CLOSED,PAY_PO_AMOUNT,AP Analyst,21,2.4,5,Yes,Yes,No,Outlook; SAP; SharePoint,3,Invoice; PO; Pricing Agreement,3,AP-A01
MRG-2026-0213,V-633190,Evergreen Facilities,INV-225328,PO-698456,2026-05-03,2026-05-10,8988.21,DUPLICATE,No,CLOSED,PARTIAL_ADJUSTMENT,AP Analyst,18,1.3,5,Yes,No,No,Coupa; Outlook; SAP; SharePoint,4,Invoice; PO; Pricing Agreement,3,AP-A06
MRG-2026-0214,V-633190,Evergreen Facilities,INV-841446,PO-919772,2026-02-13,2026-02-24,61742.35,QUANTITY_MISMATCH,No,CLOSED,PARTIAL_ADJUSTMENT,AP Manager,30,14.5,5,No,Yes,No,Coupa; Receiving,2,Goods Receipt; Invoice; PO,3,AP-A05
MRG-2026-0215,V-203811,Apex Industrial Supply,INV-240967,PO-962625,2026-05-14,2026-05-18,10445.27,QUANTITY_MISMATCH,No,CLOSED,PARTIAL_ADJUSTMENT,AP Team Lead,25,3.1,5,Yes,No,No,Coupa; Outlook; Receiving; SAP,4,Goods Receipt; Invoice; Proof of Delivery,3,AP-A03
MRG-2026-0216,V-301442,Solara Imports,INV-598141,PO-986850,2026-08-01,2026-08-17,36998.12,OTHER,Yes,CLOSED,ESCALATE,AP Team Lead,24,14.3,3,No,No,No,Coupa; Outlook; SAP; SharePoint; TMS,5,Email Thread; Invoice; PO,3,AP-A06
MRG-2026-0217,V-410221,Harbor Home Goods,INV-967436,PO-736969,2026-01-10,2026-01-18,18206.47,FREIGHT,No,CLOSED,ESCALATE,AP Team Lead,26,4.9,5,Yes,No,No,Outlook; SAP; TMS,3,Carrier Documentation; Freight Terms; Invoice,3,AP-A04
MRG-2026-0218,V-100184,NorthStar Consumer Products,INV-776035,PO-915966,2025-12-28,2026-01-14,14075.2,MISSING_RECEIPT,Yes,CLOSED,PAY_PO_AMOUNT,AP Team Lead,12,9.0,3,No,No,No,Coupa; Outlook; SAP; SharePoint,4,Invoice; PO; Pricing Agreement,3,AP-A02
MRG-2026-0219,V-203811,Apex Industrial Supply,INV-247147,PO-653483,2026-07-03,2026-07-06,20012.72,FREIGHT,No,CLOSED,REJECT_DISPUTE,AP Team Lead,16,0.7,5,Yes,No,No,Coupa; Outlook; SharePoint; TMS,4,Carrier Documentation; Freight Terms; Invoice; PO,4,AP-A08
MRG-2026-0220,V-100184,NorthStar Consumer Products,INV-349452,PO-763365,2026-03-22,2026-03-31,24596.14,MISSING_RECEIPT,Yes,CLOSED,ESCALATE,AP Team Lead,24,13.9,3,No,No,No,Coupa; Outlook; Receiving; SAP,4,Proof of Delivery; Receiving Confirmation,2,AP-A02
MRG-2026-0221,V-100184,NorthStar Consumer Products,INV-179196,PO-758664,2026-05-23,2026-06-05,64794.47,OTHER,Yes,CLOSED,REJECT_DISPUTE,AP Manager,20,13.0,3,No,No,No,Coupa; Outlook; Receiving; SAP,4,Invoice; Proof of Delivery,2,AP-A06
MRG-2026-0222,V-410221,Harbor Home Goods,INV-135650,PO-748940,2026-04-13,2026-04-29,95766.76,CONTRACT_TERM,No,CLOSED,ESCALATE,AP Manager,28,15.8,5,No,No,No,Coupa; SAP; SharePoint,3,Invoice; Master Agreement; PO,3,AP-A02
MRG-2026-0223,V-100184,NorthStar Consumer Products,INV-195953,PO-930315,2026-05-20,2026-06-14,74541.08,MISSING_RECEIPT,Yes,CLOSED,PAY_AS_INVOICED,AP Manager,19,2.6,3,Yes,No,No,Coupa; Outlook; Receiving; SAP,4,Invoice; PO; Receiving Confirmation,3,AP-A01
MRG-2026-0224,V-410221,Harbor Home Goods,INV-249091,PO-534399,2026-05-06,2026-05-09,11679.57,PRICE_MISMATCH,No,CLOSED,ESCALATE,AP Team Lead,23,4.1,5,Yes,No,No,Coupa; Outlook; Receiving; SAP,4,Proof of Delivery; Receiving Confirmation,2,AP-A05
MRG-2026-0225,V-744205,BluePeak Logistics,INV-478186,PO-586936,2026-08-06,2026-08-25,34578.05,MISSING_RECEIPT,No,CLOSED,ESCALATE,AP Team Lead,24,18.4,5,No,No,Yes,Coupa; Outlook; Receiving; SAP,4,Invoice; PO; Proof of Delivery,3,AP-A08
MRG-2026-0226,V-512870,Pinnacle Packaging,INV-390642,PO-599545,2026-01-11,2026-01-21,4912.31,DUPLICATE,No,CLOSED,REJECT_DISPUTE,AP Analyst,4,0.7,5,Yes,No,No,Coupa; SAP,2,Invoice; Payment History; Prior Invoice,3,AP-A02
MRG-2026-0227,V-301442,Solara Imports,INV-622956,PO-662897,2026-03-11,2026-03-23,33897.04,DUPLICATE,Yes,CLOSED,REJECT_DISPUTE,AP Team Lead,16,14.5,3,No,No,Yes,Coupa; SAP,2,Invoice; Payment History; Prior Invoice,3,AP-A05
MRG-2026-0228,V-301442,Solara Imports,INV-895361,PO-988838,2026-02-07,2026-02-10,8100.67,QUANTITY_MISMATCH,Yes,CLOSED,PARTIAL_ADJUSTMENT,AP Analyst,18,2.6,3,Yes,No,No,Coupa; Outlook; Receiving,3,Goods Receipt; Invoice; PO,3,AP-A03
MRG-2026-0229,V-744205,BluePeak Logistics,INV-800204,PO-654150,2026-05-23,2026-06-01,7418.24,QUANTITY_MISMATCH,No,CLOSED,PARTIAL_ADJUSTMENT,AP Analyst,24,1.5,5,Yes,No,No,Outlook; Receiving; SAP,3,PO; Proof of Delivery,2,AP-A06
MRG-2026-0230,V-410221,Harbor Home Goods,INV-407065,PO-693615,2026-01-14,2026-01-20,12794.89,QUANTITY_MISMATCH,No,CLOSED,REQUEST_CREDIT_NOTE,AP Team Lead,14,4.4,5,Yes,No,No,Coupa; Outlook; Receiving; SAP,4,Invoice; PO; Proof of Delivery,3,AP-A08
MRG-2026-0231,V-100184,NorthStar Consumer Products,INV-540994,PO-986932,2026-08-16,2026-08-31,72626.45,QUANTITY_MISMATCH,Yes,CLOSED,PARTIAL_ADJUSTMENT,AP Manager,18,1.9,3,Yes,No,No,Coupa; Outlook; Receiving; SAP,4,Goods Receipt; Invoice; PO,3,AP-A02
MRG-2026-0232,V-100184,NorthStar Consumer Products,INV-738812,PO-806074,2026-03-02,2026-03-05,16353.37,QUANTITY_MISMATCH,Yes,CLOSED,PAY_PO_AMOUNT,AP Team Lead,18,2.5,3,Yes,No,No,Coupa; Outlook; SAP; SharePoint,4,PO; Pricing Agreement,2,AP-A07
MRG-2026-0233,V-512870,Pinnacle Packaging,INV-337466,PO-667783,2026-04-13,2026-04-26,10272.94,FREIGHT,No,CLOSED,PAY_AS_INVOICED,AP Team Lead,18,2.1,5,Yes,No,No,SAP; SharePoint; TMS,3,Carrier Documentation; Freight Terms; Invoice; PO,4,AP-A08
MRG-2026-0234,V-744205,BluePeak Logistics,INV-901835,PO-841206,2026-03-02,2026-03-17,16734.42,OTHER,No,CLOSED,ESCALATE,AP Team Lead,36,12.6,5,No,No,No,Coupa; SAP; SharePoint,3,Case Notes; Email Thread; Invoice; PO,4,AP-A07
MRG-2026-0235,V-512870,Pinnacle Packaging,INV-810835,PO-912282,2026-06-04,2026-06-22,11217.91,MISSING_RECEIPT,No,CLOSED,REJECT_DISPUTE,AP Team Lead,16,1.8,5,Yes,No,No,Coupa; Outlook; Receiving; SAP,4,Invoice; PO; Proof of Delivery,3,AP-A01
MRG-2026-0236,V-410221,Harbor Home Goods,INV-288970,PO-692800,2026-03-03,2026-03-19,3938.46,PRICE_MISMATCH,No,CLOSED,PARTIAL_ADJUSTMENT,AP Analyst,36,1.4,5,Yes,No,No,Coupa; Outlook; SAP; SharePoint,4,Invoice; PO; Pricing Agreement,3,AP-A04
MRG-2026-0237,V-512870,Pinnacle Packaging,INV-480600,PO-918019,2026-03-21,2026-03-30,18211.19,PRICE_MISMATCH,No,CLOSED,PARTIAL_ADJUSTMENT,AP Team Lead,17,3.2,5,Yes,No,No,Coupa; Outlook; SAP; SharePoint,4,Invoice; PO,2,AP-A06
MRG-2026-0238,V-633190,Evergreen Facilities,INV-681422,PO-525481,2026-06-20,2026-07-09,19459.32,PRICE_MISMATCH,No,CLOSED,REJECT_DISPUTE,AP Team Lead,7,3.3,5,Yes,No,No,Coupa; SAP,2,Invoice; Payment History; Prior Invoice,3,AP-A06
MRG-2026-0239,V-203811,Apex Industrial Supply,INV-898787,PO-630200,2026-03-02,2026-03-16,25412.02,OTHER,No,CLOSED,PAY_AS_INVOICED,AP Team Lead,40,1.3,5,Yes,No,No,Outlook; SAP; SharePoint; TMS,4,Email Thread; Invoice,2,AP-A06
MRG-2026-0240,V-744205,BluePeak Logistics,INV-458510,PO-976102,2026-06-15,2026-07-04,15095.05,PRICE_MISMATCH,No,CLOSED,PAY_AS_INVOICED,AP Team Lead,17,2.6,5,Yes,No,No,Coupa; Outlook; SAP; SharePoint,4,Invoice; PO; Pricing Agreement,3,AP-A04
MRG-2026-0241,V-100184,NorthStar Consumer Products,INV-125822,PO-555417,2026-06-03,2026-06-14,46620.07,QUANTITY_MISMATCH,Yes,CLOSED,REQUEST_CREDIT_NOTE,AP Team Lead,27,2.8,3,Yes,No,No,Coupa; Outlook; Receiving; SAP,4,Goods Receipt; PO; Proof of Delivery,3,AP-A07
MRG-2026-0242,V-633190,Evergreen Facilities,INV-494701,PO-896520,2026-01-16,2026-01-24,6315.73,OTHER,No,CLOSED,REJECT_DISPUTE,AP Analyst,6,4.2,5,Yes,No,No,Coupa; SAP,2,Invoice; Payment History; Prior Invoice,3,AP-A05
MRG-2026-0243,V-203811,Apex Industrial Supply,INV-233274,PO-740666,2026-07-23,2026-07-27,84499.27,DUPLICATE,No,CLOSED,REQUEST_CREDIT_NOTE,AP Manager,38,1.9,5,Yes,No,No,Outlook; SAP; Tax Config,3,Invoice; PO; Supplier Tax Document; Tax Configuration,4,AP-A07
MRG-2026-0244,V-410221,Harbor Home Goods,INV-944889,PO-566119,2026-05-14,2026-05-17,54201.69,FREIGHT,No,CLOSED,ESCALATE,AP Manager,24,3.1,5,Yes,No,No,Coupa; Outlook; SharePoint; TMS,4,Carrier Documentation; Freight Terms; PO,3,AP-A05
MRG-2026-0245,V-512870,Pinnacle Packaging,INV-238529,PO-801201,2026-02-02,2026-02-16,8350.52,PRICE_MISMATCH,No,CLOSED,PAY_PO_AMOUNT,AP Analyst,20,1.1,5,Yes,No,No,Coupa; Outlook; SAP; SharePoint,4,Invoice; PO; Pricing Agreement,3,AP-A04
MRG-2026-0246,V-744205,BluePeak Logistics,INV-909745,PO-808492,2026-05-07,2026-05-23,30041.29,QUANTITY_MISMATCH,No,CLOSED,PARTIAL_ADJUSTMENT,AP Team Lead,18,3.0,5,Yes,No,No,Coupa; Outlook; Receiving; SAP,4,Invoice; PO; Proof of Delivery,3,AP-A03
MRG-2026-0247,V-744205,BluePeak Logistics,INV-825816,PO-953657,2026-07-31,2026-08-21,8926.62,QUANTITY_MISMATCH,No,CLOSED,PARTIAL_ADJUSTMENT,AP Analyst,14,1.1,5,Yes,No,No,Coupa; Outlook; Receiving; SAP,4,Goods Receipt; Invoice; Proof of Delivery,3,AP-A03
MRG-2026-0248,V-203811,Apex Industrial Supply,INV-496997,PO-755989,2026-03-26,2026-03-29,21806.69,TAX,No,CLOSED,PARTIAL_ADJUSTMENT,AP Team Lead,24,14.3,5,No,No,No,Coupa; Outlook; SAP,3,Invoice; Supplier Tax Document; Tax Configuration,3,AP-A03
MRG-2026-0249,V-100184,NorthStar Consumer Products,INV-314990,PO-573767,2026-04-20,2026-05-05,17371.37,QUANTITY_MISMATCH,Yes,CLOSED,PARTIAL_ADJUSTMENT,AP Team Lead,35,0.9,3,Yes,No,No,Coupa; Outlook; Receiving,3,Goods Receipt; Invoice; PO; Proof of Delivery,4,AP-A06
MRG-2026-0250,V-203811,Apex Industrial Supply,INV-276040,PO-570991,2026-01-07,2026-01-27,6476.99,DUPLICATE,No,CLOSED,REJECT_DISPUTE,AP Analyst,9,1.9,5,Yes,No,No,Coupa; SAP,2,Invoice; Payment History; Prior Invoice,3,AP-A07
